{
	"data": [
		{
			"id": 1,
			"first_name": "Forest",
			"last_name": "Swaniawski",
			"email": "Carmine.Kihn@yahoo.com"
		},
		{
			"id": 2,
			"first_name": "Toni",
			"last_name": "Kling",
			"email": "Kennith64@gmail.com"
		},
		{
			"id": 3,
			"first_name": "Ashlee",
			"last_name": "Stark",
			"email": "Camron.OConner@yahoo.com"
		},
		{
			"id": 4,
			"first_name": "Sarai",
			"last_name": "Schroeder",
			"email": "Miracle.Bailey17@hotmail.com"
		},
		{
			"id": 5,
			"first_name": "Macy",
			"last_name": "Gerlach",
			"email": "Myrl.Christiansen72@yahoo.com"
		},
		{
			"id": 6,
			"first_name": "Krystal",
			"last_name": "Feil",
			"email": "Lolita.Bogan@gmail.com"
		},
		{
			"id": 7,
			"first_name": "Joana",
			"last_name": "Dietrich",
			"email": "Dusty_Pouros@gmail.com"
		},
		{
			"id": 8,
			"first_name": "Nathanial",
			"last_name": "Brekke",
			"email": "Mitchel.Wolf27@gmail.com"
		},
		{
			"id": 9,
			"first_name": "Meagan",
			"last_name": "Wiegand",
			"email": "Carolyne.Runte@gmail.com"
		},
		{
			"id": 10,
			"first_name": "Aaron",
			"last_name": "Hintz",
			"email": "Jayde79@hotmail.com"
		},
		{
			"id": 11,
			"first_name": "Yasmin",
			"last_name": "Kilback",
			"email": "Greg3@hotmail.com"
		},
		{
			"id": 12,
			"first_name": "Lamont",
			"last_name": "Carter",
			"email": "Gabrielle.Gibson65@gmail.com"
		},
		{
			"id": 13,
			"first_name": "Serena",
			"last_name": "Konopelski",
			"email": "Oscar_Cummerata50@hotmail.com"
		},
		{
			"id": 14,
			"first_name": "Gaetano",
			"last_name": "Cormier",
			"email": "Solon.Goyette2@yahoo.com"
		},
		{
			"id": 15,
			"first_name": "Kory",
			"last_name": "Halvorson",
			"email": "Natalie.Barrows86@gmail.com"
		},
		{
			"id": 16,
			"first_name": "Yoshiko",
			"last_name": "Rath",
			"email": "Otto_Hickle-Baumbach@gmail.com"
		},
		{
			"id": 17,
			"first_name": "Marianne",
			"last_name": "Runolfsdottir",
			"email": "Bert_Hansen@gmail.com"
		},
		{
			"id": 18,
			"first_name": "Camila",
			"last_name": "Lockman",
			"email": "Roman64@hotmail.com"
		},
		{
			"id": 19,
			"first_name": "Natasha",
			"last_name": "Renner",
			"email": "Elinore71@hotmail.com"
		},
		{
			"id": 20,
			"first_name": "German",
			"last_name": "Gibson",
			"email": "Tamia70@yahoo.com"
		},
		{
			"id": 21,
			"first_name": "Georgianna",
			"last_name": "Fritsch",
			"email": "Shana47@hotmail.com"
		},
		{
			"id": 22,
			"first_name": "Muriel",
			"last_name": "Auer",
			"email": "Gilbert_Brakus25@gmail.com"
		},
		{
			"id": 23,
			"first_name": "Raphaelle",
			"last_name": "West",
			"email": "Guadalupe69@yahoo.com"
		},
		{
			"id": 24,
			"first_name": "Matt",
			"last_name": "Ruecker",
			"email": "Helena.Trantow48@yahoo.com"
		},
		{
			"id": 25,
			"first_name": "Herman",
			"last_name": "Kuvalis",
			"email": "Verdie_Morar92@yahoo.com"
		},
		{
			"id": 26,
			"first_name": "Earnestine",
			"last_name": "Jerde",
			"email": "Tessie46@yahoo.com"
		},
		{
			"id": 27,
			"first_name": "Nia",
			"last_name": "Koepp",
			"email": "Morris57@gmail.com"
		},
		{
			"id": 28,
			"first_name": "Ashleigh",
			"last_name": "Monahan",
			"email": "Jarvis37@hotmail.com"
		},
		{
			"id": 29,
			"first_name": "Finn",
			"last_name": "Conroy-Deckow",
			"email": "Otto97@gmail.com"
		},
		{
			"id": 30,
			"first_name": "Kole",
			"last_name": "Ritchie",
			"email": "Gianni_Auer@hotmail.com"
		},
		{
			"id": 31,
			"first_name": "Holden",
			"last_name": "Hodkiewicz",
			"email": "Ellis_Schaden@gmail.com"
		},
		{
			"id": 32,
			"first_name": "Emiliano",
			"last_name": "Wisozk",
			"email": "Laury_Schaefer@gmail.com"
		},
		{
			"id": 33,
			"first_name": "Tianna",
			"last_name": "Becker",
			"email": "Macy_Tillman40@hotmail.com"
		},
		{
			"id": 34,
			"first_name": "Veda",
			"last_name": "Johns",
			"email": "Macey_McLaughlin@hotmail.com"
		},
		{
			"id": 35,
			"first_name": "Odie",
			"last_name": "Mante",
			"email": "Hermina57@hotmail.com"
		},
		{
			"id": 36,
			"first_name": "Gardner",
			"last_name": "Hyatt",
			"email": "Mallie55@gmail.com"
		},
		{
			"id": 37,
			"first_name": "Estrella",
			"last_name": "O'Reilly",
			"email": "Vern_Hayes21@hotmail.com"
		},
		{
			"id": 38,
			"first_name": "Virgil",
			"last_name": "Moore",
			"email": "Joelle_Spencer63@gmail.com"
		},
		{
			"id": 39,
			"first_name": "Jacky",
			"last_name": "Russel",
			"email": "Kailey_Kemmer45@yahoo.com"
		},
		{
			"id": 40,
			"first_name": "Okey",
			"last_name": "Stiedemann",
			"email": "Maybelle17@yahoo.com"
		},
		{
			"id": 41,
			"first_name": "Kianna",
			"last_name": "Hayes",
			"email": "Nona39@yahoo.com"
		},
		{
			"id": 42,
			"first_name": "Austin",
			"last_name": "Gerhold",
			"email": "Haley_Prosacco@yahoo.com"
		},
		{
			"id": 43,
			"first_name": "Stan",
			"last_name": "Abbott",
			"email": "Marquis70@hotmail.com"
		},
		{
			"id": 44,
			"first_name": "Rahsaan",
			"last_name": "Adams",
			"email": "Petra17@gmail.com"
		},
		{
			"id": 45,
			"first_name": "Jade",
			"last_name": "Kilback",
			"email": "Odessa_Dare-Orn82@hotmail.com"
		},
		{
			"id": 46,
			"first_name": "Estelle",
			"last_name": "Kub",
			"email": "Trenton38@gmail.com"
		},
		{
			"id": 47,
			"first_name": "Kaycee",
			"last_name": "Blanda",
			"email": "Providenci.McDermott45@yahoo.com"
		},
		{
			"id": 48,
			"first_name": "Nat",
			"last_name": "Hilpert",
			"email": "Baby.Howe@gmail.com"
		},
		{
			"id": 49,
			"first_name": "Cloyd",
			"last_name": "Stoltenberg",
			"email": "Vaughn.Smith43@yahoo.com"
		},
		{
			"id": 50,
			"first_name": "Derrick",
			"last_name": "VonRueden",
			"email": "Percy_Glover@hotmail.com"
		},
		{
			"id": 51,
			"first_name": "Hyman",
			"last_name": "Graham",
			"email": "Ada.Beer@gmail.com"
		},
		{
			"id": 52,
			"first_name": "Krista",
			"last_name": "Bogan",
			"email": "Eldred.Tillman-Hermiston@hotmail.com"
		},
		{
			"id": 53,
			"first_name": "Gene",
			"last_name": "Harris",
			"email": "Aubree_Bernier@gmail.com"
		},
		{
			"id": 54,
			"first_name": "Isaias",
			"last_name": "Pouros",
			"email": "Eveline22@hotmail.com"
		},
		{
			"id": 55,
			"first_name": "Lura",
			"last_name": "Hoeger",
			"email": "Mia.Quigley@yahoo.com"
		},
		{
			"id": 56,
			"first_name": "Matt",
			"last_name": "Stokes",
			"email": "Stefan_Gerhold@gmail.com"
		},
		{
			"id": 57,
			"first_name": "Marcelino",
			"last_name": "Turner",
			"email": "Cedrick89@hotmail.com"
		},
		{
			"id": 58,
			"first_name": "Modesta",
			"last_name": "Feest",
			"email": "Easton.Kunde@hotmail.com"
		},
		{
			"id": 59,
			"first_name": "Vickie",
			"last_name": "Mohr",
			"email": "Rudolph.Armstrong@hotmail.com"
		},
		{
			"id": 60,
			"first_name": "Thurman",
			"last_name": "Ritchie",
			"email": "Price34@gmail.com"
		},
		{
			"id": 61,
			"first_name": "Cathryn",
			"last_name": "Boyle",
			"email": "Margarette_Batz@hotmail.com"
		},
		{
			"id": 62,
			"first_name": "Tyreek",
			"last_name": "Wilderman",
			"email": "Brycen_Brown@yahoo.com"
		},
		{
			"id": 63,
			"first_name": "Lennie",
			"last_name": "Stiedemann",
			"email": "Sophia_Lueilwitz@yahoo.com"
		},
		{
			"id": 64,
			"first_name": "Cielo",
			"last_name": "McLaughlin",
			"email": "Haylee29@yahoo.com"
		},
		{
			"id": 65,
			"first_name": "Antoinette",
			"last_name": "Zieme",
			"email": "Rhiannon.Breitenberg28@yahoo.com"
		},
		{
			"id": 66,
			"first_name": "Trever",
			"last_name": "Keebler",
			"email": "Coralie45@gmail.com"
		},
		{
			"id": 67,
			"first_name": "Chauncey",
			"last_name": "O'Keefe",
			"email": "Katherine.Block21@yahoo.com"
		},
		{
			"id": 68,
			"first_name": "Icie",
			"last_name": "Lebsack",
			"email": "Ricardo_Sawayn@gmail.com"
		},
		{
			"id": 69,
			"first_name": "Eleanore",
			"last_name": "Boehm",
			"email": "Haven86@hotmail.com"
		},
		{
			"id": 70,
			"first_name": "Daisha",
			"last_name": "Pagac",
			"email": "Orpha_Stoltenberg93@hotmail.com"
		},
		{
			"id": 71,
			"first_name": "William",
			"last_name": "Casper",
			"email": "Retha.Farrell36@gmail.com"
		},
		{
			"id": 72,
			"first_name": "Yesenia",
			"last_name": "Mohr",
			"email": "Riley_Braun15@yahoo.com"
		},
		{
			"id": 73,
			"first_name": "Shany",
			"last_name": "Crooks",
			"email": "Sigrid.Kuhic89@gmail.com"
		},
		{
			"id": 74,
			"first_name": "Autumn",
			"last_name": "Wuckert",
			"email": "Lacy.Baumbach86@gmail.com"
		},
		{
			"id": 75,
			"first_name": "Kelvin",
			"last_name": "McDermott",
			"email": "Rocky81@gmail.com"
		},
		{
			"id": 76,
			"first_name": "Alan",
			"last_name": "Hauck",
			"email": "Milo32@hotmail.com"
		},
		{
			"id": 77,
			"first_name": "Vincenza",
			"last_name": "Walker",
			"email": "Bryana_Parker@yahoo.com"
		},
		{
			"id": 78,
			"first_name": "Angelica",
			"last_name": "Marquardt",
			"email": "Lorenza_Fisher@hotmail.com"
		},
		{
			"id": 79,
			"first_name": "Zachery",
			"last_name": "Watsica",
			"email": "Dell.Ondricka59@hotmail.com"
		},
		{
			"id": 80,
			"first_name": "Jessy",
			"last_name": "O'Kon",
			"email": "Davion_Ratke80@gmail.com"
		},
		{
			"id": 81,
			"first_name": "Selina",
			"last_name": "Dibbert",
			"email": "Hilma_Lockman6@hotmail.com"
		},
		{
			"id": 82,
			"first_name": "Javier",
			"last_name": "Jones",
			"email": "Kimberly.Rodriguez@gmail.com"
		},
		{
			"id": 83,
			"first_name": "Marc",
			"last_name": "Botsford",
			"email": "Rachelle_Streich78@gmail.com"
		},
		{
			"id": 84,
			"first_name": "Sibyl",
			"last_name": "Klein",
			"email": "Rossie98@yahoo.com"
		},
		{
			"id": 85,
			"first_name": "Cassidy",
			"last_name": "Lakin",
			"email": "Jonas18@gmail.com"
		},
		{
			"id": 86,
			"first_name": "Kiana",
			"last_name": "Schamberger",
			"email": "Rachael_Hintz16@hotmail.com"
		},
		{
			"id": 87,
			"first_name": "Makenzie",
			"last_name": "Okuneva",
			"email": "Sandra33@hotmail.com"
		},
		{
			"id": 88,
			"first_name": "Cesar",
			"last_name": "Ankunding",
			"email": "Kasey.Zemlak@hotmail.com"
		},
		{
			"id": 89,
			"first_name": "Wayne",
			"last_name": "White",
			"email": "Jayden_Schmidt@gmail.com"
		},
		{
			"id": 90,
			"first_name": "Amalia",
			"last_name": "Stokes",
			"email": "Anderson.Dickinson66@hotmail.com"
		},
		{
			"id": 91,
			"first_name": "Khalil",
			"last_name": "Swift",
			"email": "Lillie.Bergnaum-Schimmel4@hotmail.com"
		},
		{
			"id": 92,
			"first_name": "Kevon",
			"last_name": "Murphy",
			"email": "Charlene_OConnell72@hotmail.com"
		},
		{
			"id": 93,
			"first_name": "Moriah",
			"last_name": "Considine",
			"email": "Toy77@hotmail.com"
		},
		{
			"id": 94,
			"first_name": "Elena",
			"last_name": "Okuneva",
			"email": "Osbaldo_Johnston57@hotmail.com"
		},
		{
			"id": 95,
			"first_name": "Simeon",
			"last_name": "Considine",
			"email": "Kyler.Gibson@yahoo.com"
		},
		{
			"id": 96,
			"first_name": "Tanya",
			"last_name": "Kuhlman",
			"email": "Rhianna_Armstrong60@yahoo.com"
		},
		{
			"id": 97,
			"first_name": "Violet",
			"last_name": "Yost",
			"email": "Victoria_Nikolaus74@hotmail.com"
		},
		{
			"id": 98,
			"first_name": "Tommie",
			"last_name": "Schamberger",
			"email": "Owen.Pagac@hotmail.com"
		},
		{
			"id": 99,
			"first_name": "Renee",
			"last_name": "Kertzmann",
			"email": "Elenor89@yahoo.com"
		},
		{
			"id": 100,
			"first_name": "Dereck",
			"last_name": "Kuhic",
			"email": "Hanna93@gmail.com"
		}
	]
}